{"cameraMode":{"drawMode":0,"name":"Shaded","section":"Shading Mode"},"sceneLighting":false,"audioPlay":false,"sceneViewState":{"m_AlwaysRefresh":false,"showFog":true,"showSkybox":false,"showFlares":true,"showImageEffects":true,"showParticleSystems":true,"showVisualEffectGraphs":true,"m_FxEnabled":true},"in2DMode":false,"pivot":{"x":14.046708106994629,"y":7.8492302894592289,"z":-13.404979705810547},"rotation":{"x":0.002507083583623171,"y":0.9953150153160095,"z":-0.026880038902163507,"w":0.09283207356929779},"size":0.8153510689735413,"orthographic":true}